<?xml version="1.0" encoding="UTF-8"?>
<citydrain version="1.0">
    <simulation class="DefaultSimulation">
        <time start="2000-Jan-01 00:00:00" stop="2000-Jan-01 03:00:00" dt="300"/>
        <flowdefinition>
            <flow name="Q"/>
            <concentration name="BOD5"/>
            <concentration name="COD"/>
            <concentration name="Cu"/>
            <concentration name="Ntot"/>
        </flowdefinition>
    </simulation>
    <model>
        <nodelist>
            <node id="FileOut_3" class="FileOut">
                <parameter name="out_file_name" type="string" value="out04.txt"/>
            </node>
            <node id="SimplePump_6" class="SimplePump">
                <parameter name="Qp" type="double" value="3.7000000000000002"/>
                <parameter name="Vmax" type="double" value="21320"/>
                <parameter name="Voff" type="double" value="0"/>
                <parameter name="Von" type="double" value="21320"/>
            </node>
            <node id="CatchmentCSS_6" class="CatchmentCSS">
                <parameter name="K" type="double" value="300"/>
                <parameter name="N" type="int" value="3"/>
                <parameter name="X" type="double" value="0"/>
                <parameter name="area" type="double" value="2641"/>
                <parameter name="initial_loss" type="double" value="1"/>
                <parameter name="permanent_loss" type="double" value="1.25"/>
                <parameter name="rain_concentration" type="array[double]" value="0;0;0;0"/>
                <parameter name="run_off_coeff" type="double" value="0.20000000000000001"/>
            </node>
            <node id="IxxRainRead_9" class="IxxRainRead">
                <parameter name="rain_file" type="string" value="200901-200912.txt"/>
            </node>
            <node id="IxxRainRead_11" class="IxxRainRead">
                <parameter name="rain_file" type="string" value="200901-200912.txt"/>
            </node>
            <node id="IxxRainRead_2" class="IxxRainRead">
                <parameter name="rain_file" type="string" value="200901-200912.txt"/>
            </node>
            <node id="IxxRainRead_7" class="IxxRainRead">
                <parameter name="rain_file" type="string" value="200901-200912.txt"/>
            </node>
            <node id="FileOut_14" class="FileOut">
                <parameter name="out_file_name" type="string" value="out006.txt"/>
            </node>
            <node id="FileOut_9" class="FileOut">
                <parameter name="out_file_name" type="string" value="out001.txt"/>
            </node>
            <node id="CatchmentCSS_17" class="CatchmentCSS">
                <parameter name="K" type="double" value="300"/>
                <parameter name="N" type="int" value="3"/>
                <parameter name="X" type="double" value="0"/>
                <parameter name="area" type="double" value="1733.52"/>
                <parameter name="initial_loss" type="double" value="1"/>
                <parameter name="permanent_loss" type="double" value="1.25"/>
                <parameter name="rain_concentration" type="array[double]" value="0;0;0;0"/>
                <parameter name="run_off_coeff" type="double" value="0.20000000000000001"/>
            </node>
            <node id="IxxRainRead_15" class="IxxRainRead">
                <parameter name="rain_file" type="string" value="200901-200912.txt"/>
            </node>
            <node id="IxxRainRead_6" class="IxxRainRead">
                <parameter name="rain_file" type="string" value="200901-200912.txt"/>
            </node>
            <node id="Mixer_0" class="Mixer">
                <parameter name="num_inputs" type="int" value="2"/>
            </node>
            <node id="IxxRainRead_5" class="IxxRainRead">
                <parameter name="rain_file" type="string" value="200901-200912.txt"/>
            </node>
            <node id="CatchmentCSS_20" class="CatchmentCSS">
                <parameter name="K" type="double" value="300"/>
                <parameter name="N" type="int" value="3"/>
                <parameter name="X" type="double" value="0"/>
                <parameter name="area" type="double" value="2023.8"/>
                <parameter name="initial_loss" type="double" value="1"/>
                <parameter name="permanent_loss" type="double" value="1.25"/>
                <parameter name="rain_concentration" type="array[double]" value="0;0;0;0"/>
                <parameter name="run_off_coeff" type="double" value="0.20000000000000001"/>
            </node>
            <node id="Mixer_7" class="Mixer">
                <parameter name="num_inputs" type="int" value="3"/>
            </node>
            <node id="CatchmentCSS_18" class="CatchmentCSS">
                <parameter name="K" type="double" value="300"/>
                <parameter name="N" type="int" value="3"/>
                <parameter name="X" type="double" value="0"/>
                <parameter name="area" type="double" value="2023.8"/>
                <parameter name="initial_loss" type="double" value="1"/>
                <parameter name="permanent_loss" type="double" value="1.25"/>
                <parameter name="rain_concentration" type="array[double]" value="0;0;0;0"/>
                <parameter name="run_off_coeff" type="double" value="0.20000000000000001"/>
            </node>
            <node id="SimplePump_1" class="SimplePump">
                <parameter name="Qp" type="double" value="3.2000000000000002"/>
                <parameter name="Vmax" type="double" value="17472"/>
                <parameter name="Voff" type="double" value="0"/>
                <parameter name="Von" type="double" value="17472"/>
            </node>
            <node id="Mixer_4" class="Mixer">
                <parameter name="num_inputs" type="int" value="11"/>
            </node>
            <node id="River_4" class="River">
                <parameter name="BOD5_formula" type="string" value="0"/>
                <parameter name="COD_formula" type="string" value="0"/>
                <parameter name="Cu_formula" type="string" value="0"/>
                <parameter name="K" type="int" value="300"/>
                <parameter name="N" type="int" value="11"/>
                <parameter name="Ntot_formula" type="string" value="0"/>
                <parameter name="X" type="double" value="0.10000000000000001"/>
                <parameter name="constants" type="string" value=""/>
                <parameter name="init_v" type="array[double]" value=""/>
                <parameter name="nstep" type="int" value="10"/>
            </node>
            <node id="IxxRainRead_13" class="IxxRainRead">
                <parameter name="rain_file" type="string" value="200901-200912.txt"/>
            </node>
            <node id="IxxRainRead_19" class="IxxRainRead">
                <parameter name="rain_file" type="string" value="200901-200912.txt"/>
            </node>
            <node id="SimplePump_2" class="SimplePump">
                <parameter name="Qp" type="double" value="2.8500000000000001"/>
                <parameter name="Vmax" type="double" value="16200"/>
                <parameter name="Voff" type="double" value="0"/>
                <parameter name="Von" type="double" value="16200"/>
            </node>
            <node id="IxxRainRead_25" class="IxxRainRead">
                <parameter name="rain_file" type="string" value="200901-200912.txt"/>
            </node>
            <node id="Mixer_3" class="Mixer">
                <parameter name="num_inputs" type="int" value="8"/>
            </node>
            <node id="IxxRainRead_3" class="IxxRainRead">
                <parameter name="rain_file" type="string" value="200901-200912.txt"/>
            </node>
            <node id="IxxRainRead_4" class="IxxRainRead">
                <parameter name="rain_file" type="string" value="200901-200912.txt"/>
            </node>
            <node id="CatchmentCSS_24" class="CatchmentCSS">
                <parameter name="K" type="double" value="300"/>
                <parameter name="N" type="int" value="3"/>
                <parameter name="X" type="double" value="0"/>
                <parameter name="area" type="double" value="6331.0500000000002"/>
                <parameter name="initial_loss" type="double" value="1"/>
                <parameter name="permanent_loss" type="double" value="1.25"/>
                <parameter name="rain_concentration" type="array[double]" value="0;0;0;0"/>
                <parameter name="run_off_coeff" type="double" value="0.20000000000000001"/>
            </node>
            <node id="IxxRainRead_1" class="IxxRainRead">
                <parameter name="rain_file" type="string" value="200901-200912.txt"/>
            </node>
            <node id="Mixer_1" class="Mixer">
                <parameter name="num_inputs" type="int" value="2"/>
            </node>
            <node id="FileOut_4" class="FileOut">
                <parameter name="out_file_name" type="string" value="out.txt"/>
            </node>
            <node id="IxxRainRead_22" class="IxxRainRead">
                <parameter name="rain_file" type="string" value="200901-200912.txt"/>
            </node>
            <node id="CatchmentCSS_4" class="CatchmentCSS">
                <parameter name="K" type="double" value="300"/>
                <parameter name="N" type="int" value="3"/>
                <parameter name="X" type="double" value="0"/>
                <parameter name="area" type="double" value="2242.8000000000002"/>
                <parameter name="initial_loss" type="double" value="1"/>
                <parameter name="permanent_loss" type="double" value="1.25"/>
                <parameter name="rain_concentration" type="array[double]" value="0;0;0;0"/>
                <parameter name="run_off_coeff" type="double" value="0.20000000000000001"/>
            </node>
            <node id="IxxRainRead_20" class="IxxRainRead">
                <parameter name="rain_file" type="string" value="200901-200912.txt"/>
            </node>
            <node id="FileOut_5" class="FileOut">
                <parameter name="out_file_name" type="string" value="out05.txt"/>
            </node>
            <node id="CatchmentCSS_13" class="CatchmentCSS">
                <parameter name="K" type="double" value="300"/>
                <parameter name="N" type="int" value="3"/>
                <parameter name="X" type="double" value="0"/>
                <parameter name="area" type="double" value="1512.6900000000001"/>
                <parameter name="initial_loss" type="double" value="1"/>
                <parameter name="permanent_loss" type="double" value="1.25"/>
                <parameter name="rain_concentration" type="array[double]" value="0;0;0;0"/>
                <parameter name="run_off_coeff" type="double" value="0.20000000000000001"/>
            </node>
            <node id="IxxRainRead_18" class="IxxRainRead">
                <parameter name="rain_file" type="string" value="200901-200912.txt"/>
            </node>
            <node id="FileOut_12" class="FileOut">
                <parameter name="out_file_name" type="string" value="out004.txt"/>
            </node>
            <node id="FileOut_7" class="FileOut">
                <parameter name="out_file_name" type="string" value="out07.txt"/>
            </node>
            <node id="CatchmentCSS_15" class="CatchmentCSS">
                <parameter name="K" type="double" value="300"/>
                <parameter name="N" type="int" value="3"/>
                <parameter name="X" type="double" value="0"/>
                <parameter name="area" type="double" value="838.35000000000002"/>
                <parameter name="initial_loss" type="double" value="1"/>
                <parameter name="permanent_loss" type="double" value="1.25"/>
                <parameter name="rain_concentration" type="array[double]" value="0;0;0;0"/>
                <parameter name="run_off_coeff" type="double" value="0.20000000000000001"/>
            </node>
            <node id="CatchmentCSS_19" class="CatchmentCSS">
                <parameter name="K" type="double" value="300"/>
                <parameter name="N" type="int" value="3"/>
                <parameter name="X" type="double" value="0"/>
                <parameter name="area" type="double" value="1733.52"/>
                <parameter name="initial_loss" type="double" value="1"/>
                <parameter name="permanent_loss" type="double" value="1.25"/>
                <parameter name="rain_concentration" type="array[double]" value="0;0;0;0"/>
                <parameter name="run_off_coeff" type="double" value="0.20000000000000001"/>
            </node>
            <node id="CatchmentCSS_12" class="CatchmentCSS">
                <parameter name="K" type="double" value="300"/>
                <parameter name="N" type="int" value="3"/>
                <parameter name="X" type="double" value="0"/>
                <parameter name="area" type="double" value="2023.8"/>
                <parameter name="initial_loss" type="double" value="1"/>
                <parameter name="permanent_loss" type="double" value="1.25"/>
                <parameter name="rain_concentration" type="array[double]" value="0;0;0;0"/>
                <parameter name="run_off_coeff" type="double" value="0.20000000000000001"/>
            </node>
            <node id="SimplePump_5" class="SimplePump">
                <parameter name="Qp" type="double" value="3.2000000000000002"/>
                <parameter name="Vmax" type="double" value="21012"/>
                <parameter name="Voff" type="double" value="0"/>
                <parameter name="Von" type="double" value="21012"/>
            </node>
            <node id="SimplePump_3" class="SimplePump">
                <parameter name="Qp" type="double" value="6.5"/>
                <parameter name="Vmax" type="double" value="69284"/>
                <parameter name="Voff" type="double" value="0"/>
                <parameter name="Von" type="double" value="69284"/>
            </node>
            <node id="CatchmentCSS_7" class="CatchmentCSS">
                <parameter name="K" type="double" value="300"/>
                <parameter name="N" type="int" value="3"/>
                <parameter name="X" type="double" value="0"/>
                <parameter name="area" type="double" value="669.29999999999995"/>
                <parameter name="initial_loss" type="double" value="1"/>
                <parameter name="permanent_loss" type="double" value="1.25"/>
                <parameter name="rain_concentration" type="array[double]" value="0;0;0;0"/>
                <parameter name="run_off_coeff" type="double" value="0.20000000000000001"/>
            </node>
            <node id="IxxRainRead_16" class="IxxRainRead">
                <parameter name="rain_file" type="string" value="200901-200912.txt"/>
            </node>
            <node id="CatchmentCSS_1" class="CatchmentCSS">
                <parameter name="K" type="double" value="300"/>
                <parameter name="N" type="int" value="3"/>
                <parameter name="X" type="double" value="0"/>
                <parameter name="area" type="double" value="669.29999999999995"/>
                <parameter name="initial_loss" type="double" value="1"/>
                <parameter name="permanent_loss" type="double" value="1.25"/>
                <parameter name="rain_concentration" type="array[double]" value="0;0;0;0"/>
                <parameter name="run_off_coeff" type="double" value="0.20000000000000001"/>
            </node>
            <node id="IxxRainRead_24" class="IxxRainRead">
                <parameter name="rain_file" type="string" value="200901-200912.txt"/>
            </node>
            <node id="CatchmentCSS_5" class="CatchmentCSS">
                <parameter name="K" type="double" value="300"/>
                <parameter name="N" type="int" value="3"/>
                <parameter name="X" type="double" value="0"/>
                <parameter name="area" type="double" value="3136.9000000000001"/>
                <parameter name="initial_loss" type="double" value="1"/>
                <parameter name="permanent_loss" type="double" value="1.25"/>
                <parameter name="rain_concentration" type="array[double]" value="0;0;0;0"/>
                <parameter name="run_off_coeff" type="double" value="0.20000000000000001"/>
            </node>
            <node id="CatchmentCSS_11" class="CatchmentCSS">
                <parameter name="K" type="double" value="300"/>
                <parameter name="N" type="int" value="3"/>
                <parameter name="X" type="double" value="0"/>
                <parameter name="area" type="double" value="1733.52"/>
                <parameter name="initial_loss" type="double" value="1"/>
                <parameter name="permanent_loss" type="double" value="1.25"/>
                <parameter name="rain_concentration" type="array[double]" value="0;0;0;0"/>
                <parameter name="run_off_coeff" type="double" value="0.20000000000000001"/>
            </node>
            <node id="CatchmentCSS_0" class="CatchmentCSS">
                <parameter name="K" type="double" value="300"/>
                <parameter name="N" type="int" value="3"/>
                <parameter name="X" type="double" value="0"/>
                <parameter name="area" type="double" value="14252"/>
                <parameter name="initial_loss" type="double" value="1"/>
                <parameter name="permanent_loss" type="double" value="1.25"/>
                <parameter name="rain_concentration" type="array[double]" value="0;0;0;0"/>
                <parameter name="run_off_coeff" type="double" value="0.20000000000000001"/>
            </node>
            <node id="IxxRainRead_0" class="IxxRainRead">
                <parameter name="rain_file" type="string" value="200901-200912.txt"/>
            </node>
            <node id="CatchmentCSS_25" class="CatchmentCSS">
                <parameter name="K" type="double" value="300"/>
                <parameter name="N" type="int" value="3"/>
                <parameter name="X" type="double" value="0"/>
                <parameter name="area" type="double" value="1512.6900000000001"/>
                <parameter name="initial_loss" type="double" value="1"/>
                <parameter name="permanent_loss" type="double" value="1.25"/>
                <parameter name="rain_concentration" type="array[double]" value="0;0;0;0"/>
                <parameter name="run_off_coeff" type="double" value="0.20000000000000001"/>
            </node>
            <node id="FileOut_8" class="FileOut">
                <parameter name="out_file_name" type="string" value="out08.txt"/>
            </node>
            <node id="IxxRainRead_10" class="IxxRainRead">
                <parameter name="rain_file" type="string" value="200901-200912.txt"/>
            </node>
            <node id="FileOut_16" class="FileOut">
                <parameter name="out_file_name" type="string" value="out008.txt"/>
            </node>
            <node id="IxxRainRead_21" class="IxxRainRead">
                <parameter name="rain_file" type="string" value="200901-200912.txt"/>
            </node>
            <node id="FileOut_2" class="FileOut">
                <parameter name="out_file_name" type="string" value="out03.txt"/>
            </node>
            <node id="Mixer_5" class="Mixer">
                <parameter name="num_inputs" type="int" value="2"/>
            </node>
            <node id="IxxRainRead_12" class="IxxRainRead">
                <parameter name="rain_file" type="string" value="200901-200912.txt"/>
            </node>
            <node id="IxxRainRead_8" class="IxxRainRead">
                <parameter name="rain_file" type="string" value="200901-200912.txt"/>
            </node>
            <node id="River_2" class="River">
                <parameter name="BOD5_formula" type="string" value="0"/>
                <parameter name="COD_formula" type="string" value="0"/>
                <parameter name="Cu_formula" type="string" value="0"/>
                <parameter name="K" type="int" value="300"/>
                <parameter name="N" type="int" value="11"/>
                <parameter name="Ntot_formula" type="string" value="0"/>
                <parameter name="X" type="double" value="0.10000000000000001"/>
                <parameter name="constants" type="string" value=""/>
                <parameter name="init_v" type="array[double]" value=""/>
                <parameter name="nstep" type="int" value="10"/>
            </node>
            <node id="CatchmentCSS_21" class="CatchmentCSS">
                <parameter name="K" type="double" value="300"/>
                <parameter name="N" type="int" value="3"/>
                <parameter name="X" type="double" value="0"/>
                <parameter name="area" type="double" value="1512.6900000000001"/>
                <parameter name="initial_loss" type="double" value="1"/>
                <parameter name="permanent_loss" type="double" value="1.25"/>
                <parameter name="rain_concentration" type="array[double]" value="0;0;0;0"/>
                <parameter name="run_off_coeff" type="double" value="0.20000000000000001"/>
            </node>
            <node id="IxxRainRead_17" class="IxxRainRead">
                <parameter name="rain_file" type="string" value="200901-200912.txt"/>
            </node>
            <node id="FileOut_13" class="FileOut">
                <parameter name="out_file_name" type="string" value="out005.txt"/>
            </node>
            <node id="FileOut_1" class="FileOut">
                <parameter name="out_file_name" type="string" value="out02.txt"/>
            </node>
            <node id="Mixer_6" class="Mixer">
                <parameter name="num_inputs" type="int" value="3"/>
            </node>
            <node id="SimplePump_0" class="SimplePump">
                <parameter name="Qp" type="double" value="4.7999999999999998"/>
                <parameter name="Vmax" type="double" value="12480"/>
                <parameter name="Voff" type="double" value="0"/>
                <parameter name="Von" type="double" value="12480"/>
            </node>
            <node id="SimplePump_4" class="SimplePump">
                <parameter name="Qp" type="double" value="3"/>
                <parameter name="Vmax" type="double" value="34020"/>
                <parameter name="Voff" type="double" value="0"/>
                <parameter name="Von" type="double" value="34020"/>
            </node>
            <node id="CatchmentCSS_9" class="CatchmentCSS">
                <parameter name="K" type="double" value="300"/>
                <parameter name="N" type="int" value="3"/>
                <parameter name="X" type="double" value="0"/>
                <parameter name="area" type="double" value="3136.9000000000001"/>
                <parameter name="initial_loss" type="double" value="1"/>
                <parameter name="permanent_loss" type="double" value="1.25"/>
                <parameter name="rain_concentration" type="array[double]" value="0;0;0;0"/>
                <parameter name="run_off_coeff" type="double" value="0.20000000000000001"/>
            </node>
            <node id="CatchmentCSS_2" class="CatchmentCSS">
                <parameter name="K" type="double" value="300"/>
                <parameter name="N" type="int" value="3"/>
                <parameter name="X" type="double" value="0"/>
                <parameter name="area" type="double" value="669.29999999999995"/>
                <parameter name="initial_loss" type="double" value="1"/>
                <parameter name="permanent_loss" type="double" value="1.25"/>
                <parameter name="rain_concentration" type="array[double]" value="0;0;0;0"/>
                <parameter name="run_off_coeff" type="double" value="0.20000000000000001"/>
            </node>
            <node id="River_1" class="River">
                <parameter name="BOD5_formula" type="string" value="0"/>
                <parameter name="COD_formula" type="string" value="0"/>
                <parameter name="Cu_formula" type="string" value="0"/>
                <parameter name="K" type="int" value="300"/>
                <parameter name="N" type="int" value="11"/>
                <parameter name="Ntot_formula" type="string" value="0"/>
                <parameter name="X" type="double" value="0.10000000000000001"/>
                <parameter name="constants" type="string" value=""/>
                <parameter name="init_v" type="array[double]" value=""/>
                <parameter name="nstep" type="int" value="10"/>
            </node>
            <node id="River_6" class="River">
                <parameter name="BOD5_formula" type="string" value="0"/>
                <parameter name="COD_formula" type="string" value="0"/>
                <parameter name="Cu_formula" type="string" value="0"/>
                <parameter name="K" type="int" value="300"/>
                <parameter name="N" type="int" value="11"/>
                <parameter name="Ntot_formula" type="string" value="0"/>
                <parameter name="X" type="double" value="0.10000000000000001"/>
                <parameter name="constants" type="string" value=""/>
                <parameter name="init_v" type="array[double]" value=""/>
                <parameter name="nstep" type="int" value="10"/>
            </node>
            <node id="CatchmentCSS_8" class="CatchmentCSS">
                <parameter name="K" type="double" value="300"/>
                <parameter name="N" type="int" value="3"/>
                <parameter name="X" type="double" value="0"/>
                <parameter name="area" type="double" value="2242.8000000000002"/>
                <parameter name="initial_loss" type="double" value="1"/>
                <parameter name="permanent_loss" type="double" value="1.25"/>
                <parameter name="rain_concentration" type="array[double]" value="0;0;0;0"/>
                <parameter name="run_off_coeff" type="double" value="0.20000000000000001"/>
            </node>
            <node id="Mixer_2" class="Mixer">
                <parameter name="num_inputs" type="int" value="2"/>
            </node>
            <node id="FileOut_0" class="FileOut">
                <parameter name="out_file_name" type="string" value="out01.txt"/>
            </node>
            <node id="SimplePump_7" class="SimplePump">
                <parameter name="Qp" type="double" value="7"/>
                <parameter name="Vmax" type="double" value="21096"/>
                <parameter name="Voff" type="double" value="0"/>
                <parameter name="Von" type="double" value="21096"/>
            </node>
            <node id="River_5" class="River">
                <parameter name="BOD5_formula" type="string" value="0"/>
                <parameter name="COD_formula" type="string" value="0"/>
                <parameter name="Cu_formula" type="string" value="0"/>
                <parameter name="K" type="int" value="300"/>
                <parameter name="N" type="int" value="11"/>
                <parameter name="Ntot_formula" type="string" value="0"/>
                <parameter name="X" type="double" value="0.10000000000000001"/>
                <parameter name="constants" type="string" value=""/>
                <parameter name="init_v" type="array[double]" value=""/>
                <parameter name="nstep" type="int" value="10"/>
            </node>
            <node id="IxxRainRead_14" class="IxxRainRead">
                <parameter name="rain_file" type="string" value="200901-200912.txt"/>
            </node>
            <node id="CatchmentCSS_16" class="CatchmentCSS">
                <parameter name="K" type="double" value="300"/>
                <parameter name="N" type="int" value="3"/>
                <parameter name="X" type="double" value="0"/>
                <parameter name="area" type="double" value="2444.9400000000001"/>
                <parameter name="initial_loss" type="double" value="1"/>
                <parameter name="permanent_loss" type="double" value="1.25"/>
                <parameter name="rain_concentration" type="array[double]" value="0;0;0;0"/>
                <parameter name="run_off_coeff" type="double" value="0.20000000000000001"/>
            </node>
            <node id="FileOut_6" class="FileOut">
                <parameter name="out_file_name" type="string" value="out06.txt"/>
            </node>
            <node id="River_3" class="River">
                <parameter name="BOD5_formula" type="string" value="0"/>
                <parameter name="COD_formula" type="string" value="0"/>
                <parameter name="Cu_formula" type="string" value="0"/>
                <parameter name="K" type="int" value="300"/>
                <parameter name="N" type="int" value="11"/>
                <parameter name="Ntot_formula" type="string" value="0"/>
                <parameter name="X" type="double" value="0.10000000000000001"/>
                <parameter name="constants" type="string" value=""/>
                <parameter name="init_v" type="array[double]" value=""/>
                <parameter name="nstep" type="int" value="10"/>
            </node>
            <node id="IxxRainRead_23" class="IxxRainRead">
                <parameter name="rain_file" type="string" value="200901-200912.txt"/>
            </node>
            <node id="FileOut_11" class="FileOut">
                <parameter name="out_file_name" type="string" value="out003.txt"/>
            </node>
            <node id="CatchmentCSS_14" class="CatchmentCSS">
                <parameter name="K" type="double" value="300"/>
                <parameter name="N" type="int" value="3"/>
                <parameter name="X" type="double" value="0"/>
                <parameter name="area" type="double" value="3750.0300000000002"/>
                <parameter name="initial_loss" type="double" value="1"/>
                <parameter name="permanent_loss" type="double" value="1.25"/>
                <parameter name="rain_concentration" type="array[double]" value="0;0;0;0"/>
                <parameter name="run_off_coeff" type="double" value="0.20000000000000001"/>
            </node>
            <node id="CatchmentCSS_10" class="CatchmentCSS">
                <parameter name="K" type="double" value="300"/>
                <parameter name="N" type="int" value="3"/>
                <parameter name="X" type="double" value="0"/>
                <parameter name="area" type="double" value="1273.3199999999999"/>
                <parameter name="initial_loss" type="double" value="1"/>
                <parameter name="permanent_loss" type="double" value="1.25"/>
                <parameter name="rain_concentration" type="array[double]" value="0;0;0;0"/>
                <parameter name="run_off_coeff" type="double" value="0.20000000000000001"/>
            </node>
            <node id="CatchmentCSS_3" class="CatchmentCSS">
                <parameter name="K" type="double" value="300"/>
                <parameter name="N" type="int" value="3"/>
                <parameter name="X" type="double" value="0"/>
                <parameter name="area" type="double" value="2242.8000000000002"/>
                <parameter name="initial_loss" type="double" value="1"/>
                <parameter name="permanent_loss" type="double" value="1.25"/>
                <parameter name="rain_concentration" type="array[double]" value="0;0;0;0"/>
                <parameter name="run_off_coeff" type="double" value="0.20000000000000001"/>
            </node>
            <node id="CatchmentCSS_22" class="CatchmentCSS">
                <parameter name="K" type="double" value="300"/>
                <parameter name="N" type="int" value="3"/>
                <parameter name="X" type="double" value="0"/>
                <parameter name="area" type="double" value="583.83000000000004"/>
                <parameter name="initial_loss" type="double" value="1"/>
                <parameter name="permanent_loss" type="double" value="1.25"/>
                <parameter name="rain_concentration" type="array[double]" value="0;0;0;0"/>
                <parameter name="run_off_coeff" type="double" value="0.20000000000000001"/>
            </node>
            <node id="River_0" class="River">
                <parameter name="BOD5_formula" type="string" value="0"/>
                <parameter name="COD_formula" type="string" value="0"/>
                <parameter name="Cu_formula" type="string" value="0"/>
                <parameter name="K" type="int" value="300"/>
                <parameter name="N" type="int" value="11"/>
                <parameter name="Ntot_formula" type="string" value="0"/>
                <parameter name="X" type="double" value="0.10000000000000001"/>
                <parameter name="constants" type="string" value=""/>
                <parameter name="init_v" type="array[double]" value=""/>
                <parameter name="nstep" type="int" value="10"/>
            </node>
            <node id="CatchmentCSS_23" class="CatchmentCSS">
                <parameter name="K" type="double" value="300"/>
                <parameter name="N" type="int" value="3"/>
                <parameter name="X" type="double" value="0"/>
                <parameter name="area" type="double" value="810.99000000000001"/>
                <parameter name="initial_loss" type="double" value="1"/>
                <parameter name="permanent_loss" type="double" value="1.25"/>
                <parameter name="rain_concentration" type="array[double]" value="0;0;0;0"/>
                <parameter name="run_off_coeff" type="double" value="0.20000000000000001"/>
            </node>
            <node id="River_7" class="River">
                <parameter name="BOD5_formula" type="string" value="0"/>
                <parameter name="COD_formula" type="string" value="0"/>
                <parameter name="Cu_formula" type="string" value="0"/>
                <parameter name="K" type="int" value="300"/>
                <parameter name="N" type="int" value="11"/>
                <parameter name="Ntot_formula" type="string" value="0"/>
                <parameter name="X" type="double" value="0.10000000000000001"/>
                <parameter name="constants" type="string" value=""/>
                <parameter name="init_v" type="array[double]" value=""/>
                <parameter name="nstep" type="int" value="10"/>
            </node>
            <node id="FileOut_15" class="FileOut">
                <parameter name="out_file_name" type="string" value="out007.txt"/>
            </node>
            <node id="FileOut_10" class="FileOut">
                <parameter name="out_file_name" type="string" value="out002.txt"/>
            </node>
            <node id="SimplePump_8" class="SimplePump">
                <parameter name="Qp" type="double" value="30"/>
                <parameter name="Vmax" type="double" value="2000000"/>
                <parameter name="Voff" type="double" value="0"/>
                <parameter name="Von" type="double" value="2000000"/>
            </node>
            <node id="FileOut_17" class="FileOut">
                <parameter name="out_file_name" type="string" value="out2.txt"/>
            </node>
        </nodelist>
        <connectionlist>
            <connection id="0">
                <source node="IxxRainRead_10" port="out"/>
                <sink node="CatchmentCSS_10" port="rain_in"/>
            </connection>
            <connection id="1">
                <source node="CatchmentCSS_16" port="out"/>
                <sink node="Mixer_4" port="in_7"/>
            </connection>
            <connection id="2">
                <source node="IxxRainRead_8" port="out"/>
                <sink node="CatchmentCSS_8" port="rain_in"/>
            </connection>
            <connection id="3">
                <source node="Mixer_4" port="out"/>
                <sink node="River_3" port="in"/>
            </connection>
            <connection id="4">
                <source node="FileOut_7" port="out"/>
                <sink node="Mixer_3" port="in_6"/>
            </connection>
            <connection id="5">
                <source node="SimplePump_4" port="out_w"/>
                <sink node="FileOut_5" port="in"/>
            </connection>
            <connection id="6">
                <source node="CatchmentCSS_19" port="out"/>
                <sink node="Mixer_5" port="in_0"/>
            </connection>
            <connection id="7">
                <source node="SimplePump_5" port="out_w"/>
                <sink node="FileOut_6" port="in"/>
            </connection>
            <connection id="8">
                <source node="FileOut_3" port="out"/>
                <sink node="Mixer_3" port="in_3"/>
            </connection>
            <connection id="9">
                <source node="CatchmentCSS_10" port="out"/>
                <sink node="Mixer_4" port="in_3"/>
            </connection>
            <connection id="10">
                <source node="CatchmentCSS_22" port="out"/>
                <sink node="Mixer_6" port="in_2"/>
            </connection>
            <connection id="11">
                <source node="IxxRainRead_5" port="out"/>
                <sink node="CatchmentCSS_5" port="rain_in"/>
            </connection>
            <connection id="12">
                <source node="SimplePump_5" port="out_p"/>
                <sink node="FileOut_14" port="in"/>
            </connection>
            <connection id="13">
                <source node="Mixer_3" port="out"/>
                <sink node="FileOut_4" port="in"/>
            </connection>
            <connection id="14">
                <source node="SimplePump_0" port="out_w"/>
                <sink node="FileOut_0" port="in"/>
            </connection>
            <connection id="15">
                <source node="River_0" port="out"/>
                <sink node="SimplePump_0" port="in"/>
            </connection>
            <connection id="16">
                <source node="River_3" port="out"/>
                <sink node="SimplePump_3" port="in"/>
            </connection>
            <connection id="17">
                <source node="Mixer_5" port="out"/>
                <sink node="River_5" port="in"/>
            </connection>
            <connection id="18">
                <source node="Mixer_0" port="out"/>
                <sink node="River_0" port="in"/>
            </connection>
            <connection id="19">
                <source node="SimplePump_1" port="out_w"/>
                <sink node="FileOut_1" port="in"/>
            </connection>
            <connection id="20">
                <source node="CatchmentCSS_15" port="out"/>
                <sink node="Mixer_4" port="in_9"/>
            </connection>
            <connection id="21">
                <source node="IxxRainRead_6" port="out"/>
                <sink node="CatchmentCSS_6" port="rain_in"/>
            </connection>
            <connection id="22">
                <source node="IxxRainRead_15" port="out"/>
                <sink node="CatchmentCSS_15" port="rain_in"/>
            </connection>
            <connection id="23">
                <source node="CatchmentCSS_12" port="out"/>
                <sink node="Mixer_4" port="in_5"/>
            </connection>
            <connection id="24">
                <source node="IxxRainRead_14" port="out"/>
                <sink node="CatchmentCSS_14" port="rain_in"/>
            </connection>
            <connection id="25">
                <source node="CatchmentCSS_17" port="out"/>
                <sink node="River_4" port="in"/>
            </connection>
            <connection id="26">
                <source node="IxxRainRead_25" port="out"/>
                <sink node="CatchmentCSS_24" port="rain_in"/>
            </connection>
            <connection id="27">
                <source node="IxxRainRead_24" port="out"/>
                <sink node="CatchmentCSS_25" port="rain_in"/>
            </connection>
            <connection id="28">
                <source node="CatchmentCSS_21" port="out"/>
                <sink node="Mixer_6" port="in_1"/>
            </connection>
            <connection id="29">
                <source node="IxxRainRead_11" port="out"/>
                <sink node="CatchmentCSS_11" port="rain_in"/>
            </connection>
            <connection id="30">
                <source node="IxxRainRead_21" port="out"/>
                <sink node="CatchmentCSS_20" port="rain_in"/>
            </connection>
            <connection id="31">
                <source node="IxxRainRead_18" port="out"/>
                <sink node="CatchmentCSS_18" port="rain_in"/>
            </connection>
            <connection id="32">
                <source node="CatchmentCSS_14" port="out"/>
                <sink node="Mixer_4" port="in_8"/>
            </connection>
            <connection id="33">
                <source node="IxxRainRead_3" port="out"/>
                <sink node="CatchmentCSS_3" port="rain_in"/>
            </connection>
            <connection id="34">
                <source node="CatchmentCSS_4" port="out"/>
                <sink node="Mixer_2" port="in_0"/>
            </connection>
            <connection id="35">
                <source node="SimplePump_6" port="out_p"/>
                <sink node="FileOut_15" port="in"/>
            </connection>
            <connection id="36">
                <source node="IxxRainRead_22" port="out"/>
                <sink node="CatchmentCSS_22" port="rain_in"/>
            </connection>
            <connection id="37">
                <source node="SimplePump_6" port="out_w"/>
                <sink node="FileOut_7" port="in"/>
            </connection>
            <connection id="38">
                <source node="FileOut_8" port="out"/>
                <sink node="Mixer_3" port="in_7"/>
            </connection>
            <connection id="39">
                <source node="FileOut_5" port="out"/>
                <sink node="Mixer_3" port="in_4"/>
            </connection>
            <connection id="40">
                <source node="River_2" port="out"/>
                <sink node="SimplePump_2" port="in"/>
            </connection>
            <connection id="41">
                <source node="CatchmentCSS_9" port="out"/>
                <sink node="Mixer_4" port="in_2"/>
            </connection>
            <connection id="42">
                <source node="CatchmentCSS_18" port="out"/>
                <sink node="Mixer_5" port="in_1"/>
            </connection>
            <connection id="43">
                <source node="FileOut_0" port="out"/>
                <sink node="Mixer_3" port="in_0"/>
            </connection>
            <connection id="44">
                <source node="Mixer_2" port="out"/>
                <sink node="River_2" port="in"/>
            </connection>
            <connection id="45">
                <source node="FileOut_2" port="out"/>
                <sink node="Mixer_3" port="in_2"/>
            </connection>
            <connection id="46">
                <source node="FileOut_6" port="out"/>
                <sink node="Mixer_3" port="in_5"/>
            </connection>
            <connection id="47">
                <source node="SimplePump_2" port="out_w"/>
                <sink node="FileOut_2" port="in"/>
            </connection>
            <connection id="48">
                <source node="CatchmentCSS_1" port="out"/>
                <sink node="Mixer_0" port="in_1"/>
            </connection>
            <connection id="49">
                <source node="IxxRainRead_16" port="out"/>
                <sink node="CatchmentCSS_16" port="rain_in"/>
            </connection>
            <connection id="50">
                <source node="IxxRainRead_0" port="out"/>
                <sink node="CatchmentCSS_0" port="rain_in"/>
            </connection>
            <connection id="51">
                <source node="IxxRainRead_17" port="out"/>
                <sink node="CatchmentCSS_17" port="rain_in"/>
            </connection>
            <connection id="52">
                <source node="IxxRainRead_4" port="out"/>
                <sink node="CatchmentCSS_4" port="rain_in"/>
            </connection>
            <connection id="53">
                <source node="CatchmentCSS_11" port="out"/>
                <sink node="Mixer_4" port="in_4"/>
            </connection>
            <connection id="54">
                <source node="River_4" port="out"/>
                <sink node="SimplePump_4" port="in"/>
            </connection>
            <connection id="55">
                <source node="FileOut_4" port="out"/>
                <sink node="SimplePump_8" port="in"/>
            </connection>
            <connection id="56">
                <source node="SimplePump_4" port="out_p"/>
                <sink node="FileOut_13" port="in"/>
            </connection>
            <connection id="57">
                <source node="SimplePump_3" port="out_p"/>
                <sink node="FileOut_12" port="in"/>
            </connection>
            <connection id="58">
                <source node="River_7" port="out"/>
                <sink node="SimplePump_7" port="in"/>
            </connection>
            <connection id="59">
                <source node="IxxRainRead_1" port="out"/>
                <sink node="CatchmentCSS_1" port="rain_in"/>
            </connection>
            <connection id="60">
                <source node="Mixer_1" port="out"/>
                <sink node="River_1" port="in"/>
            </connection>
            <connection id="61">
                <source node="IxxRainRead_23" port="out"/>
                <sink node="CatchmentCSS_23" port="rain_in"/>
            </connection>
            <connection id="62">
                <source node="CatchmentCSS_3" port="out"/>
                <sink node="Mixer_1" port="in_1"/>
            </connection>
            <connection id="63">
                <source node="CatchmentCSS_2" port="out"/>
                <sink node="Mixer_1" port="in_0"/>
            </connection>
            <connection id="64">
                <source node="River_6" port="out"/>
                <sink node="SimplePump_6" port="in"/>
            </connection>
            <connection id="65">
                <source node="IxxRainRead_19" port="out"/>
                <sink node="CatchmentCSS_19" port="rain_in"/>
            </connection>
            <connection id="66">
                <source node="CatchmentCSS_8" port="out"/>
                <sink node="Mixer_4" port="in_10"/>
            </connection>
            <connection id="67">
                <source node="CatchmentCSS_25" port="out"/>
                <sink node="Mixer_7" port="in_0"/>
            </connection>
            <connection id="68">
                <source node="SimplePump_3" port="out_w"/>
                <sink node="FileOut_3" port="in"/>
            </connection>
            <connection id="69">
                <source node="SimplePump_7" port="out_w"/>
                <sink node="FileOut_8" port="in"/>
            </connection>
            <connection id="70">
                <source node="IxxRainRead_12" port="out"/>
                <sink node="CatchmentCSS_12" port="rain_in"/>
            </connection>
            <connection id="71">
                <source node="CatchmentCSS_5" port="out"/>
                <sink node="Mixer_2" port="in_1"/>
            </connection>
            <connection id="72">
                <source node="IxxRainRead_7" port="out"/>
                <sink node="CatchmentCSS_7" port="rain_in"/>
            </connection>
            <connection id="73">
                <source node="River_5" port="out"/>
                <sink node="SimplePump_5" port="in"/>
            </connection>
            <connection id="74">
                <source node="SimplePump_1" port="out_p"/>
                <sink node="FileOut_10" port="in"/>
            </connection>
            <connection id="75">
                <source node="SimplePump_0" port="out_p"/>
                <sink node="FileOut_9" port="in"/>
            </connection>
            <connection id="76">
                <source node="CatchmentCSS_23" port="out"/>
                <sink node="Mixer_7" port="in_1"/>
            </connection>
            <connection id="77">
                <source node="IxxRainRead_20" port="out"/>
                <sink node="CatchmentCSS_21" port="rain_in"/>
            </connection>
            <connection id="78">
                <source node="IxxRainRead_9" port="out"/>
                <sink node="CatchmentCSS_9" port="rain_in"/>
            </connection>
            <connection id="79">
                <source node="River_1" port="out"/>
                <sink node="SimplePump_1" port="in"/>
            </connection>
            <connection id="80">
                <source node="CatchmentCSS_24" port="out"/>
                <sink node="Mixer_7" port="in_2"/>
            </connection>
            <connection id="81">
                <source node="FileOut_1" port="out"/>
                <sink node="Mixer_3" port="in_1"/>
            </connection>
            <connection id="82">
                <source node="SimplePump_7" port="out_p"/>
                <sink node="FileOut_16" port="in"/>
            </connection>
            <connection id="83">
                <source node="CatchmentCSS_6" port="out"/>
                <sink node="Mixer_4" port="in_0"/>
            </connection>
            <connection id="84">
                <source node="CatchmentCSS_13" port="out"/>
                <sink node="Mixer_4" port="in_6"/>
            </connection>
            <connection id="85">
                <source node="IxxRainRead_2" port="out"/>
                <sink node="CatchmentCSS_2" port="rain_in"/>
            </connection>
            <connection id="86">
                <source node="IxxRainRead_13" port="out"/>
                <sink node="CatchmentCSS_13" port="rain_in"/>
            </connection>
            <connection id="87">
                <source node="Mixer_6" port="out"/>
                <sink node="River_6" port="in"/>
            </connection>
            <connection id="88">
                <source node="CatchmentCSS_0" port="out"/>
                <sink node="Mixer_0" port="in_0"/>
            </connection>
            <connection id="89">
                <source node="CatchmentCSS_20" port="out"/>
                <sink node="Mixer_6" port="in_0"/>
            </connection>
            <connection id="90">
                <source node="CatchmentCSS_7" port="out"/>
                <sink node="Mixer_4" port="in_1"/>
            </connection>
            <connection id="91">
                <source node="SimplePump_2" port="out_p"/>
                <sink node="FileOut_11" port="in"/>
            </connection>
            <connection id="92">
                <source node="SimplePump_8" port="out_w"/>
                <sink node="FileOut_17" port="in"/>
            </connection>
        </connectionlist>
    </model>
    <gui>
        <nodeposition id="CatchmentCSS_0" x="-296.85" y="-807.493"/>
        <nodeposition id="CatchmentCSS_1" x="-306.078" y="-636.766"/>
        <nodeposition id="CatchmentCSS_10" x="-294.088" y="920.045"/>
        <nodeposition id="CatchmentCSS_11" x="-284.818" y="1063.5"/>
        <nodeposition id="CatchmentCSS_12" x="-291.584" y="1211.28"/>
        <nodeposition id="CatchmentCSS_13" x="-284.215" y="1374.68"/>
        <nodeposition id="CatchmentCSS_14" x="-314.254" y="1540.45"/>
        <nodeposition id="CatchmentCSS_15" x="-271.688" y="1700.23"/>
        <nodeposition id="CatchmentCSS_16" x="-265.544" y="1851.57"/>
        <nodeposition id="CatchmentCSS_17" x="-260.763" y="1993.86"/>
        <nodeposition id="CatchmentCSS_18" x="-252.209" y="2325.84"/>
        <nodeposition id="CatchmentCSS_19" x="-271.827" y="2155.17"/>
        <nodeposition id="CatchmentCSS_2" x="-293.774" y="-432.201"/>
        <nodeposition id="CatchmentCSS_20" x="-257.404" y="2517.09"/>
        <nodeposition id="CatchmentCSS_21" x="-237.786" y="2687.76"/>
        <nodeposition id="CatchmentCSS_22" x="-224.522" y="2853.89"/>
        <nodeposition id="CatchmentCSS_23" x="-250.449" y="3192.72"/>
        <nodeposition id="CatchmentCSS_24" x="-237.185" y="3358.85"/>
        <nodeposition id="CatchmentCSS_25" x="-270.067" y="3022.06"/>
        <nodeposition id="CatchmentCSS_3" x="-299.926" y="-278.393"/>
        <nodeposition id="CatchmentCSS_4" x="-299.618" y="-117.628"/>
        <nodeposition id="CatchmentCSS_5" x="-299.618" y="55.4848"/>
        <nodeposition id="CatchmentCSS_6" x="-304.057" y="233.036"/>
        <nodeposition id="CatchmentCSS_7" x="-304.057" y="390.801"/>
        <nodeposition id="CatchmentCSS_8" x="-301.837" y="568.164"/>
        <nodeposition id="CatchmentCSS_9" x="-297.222" y="764.737"/>
        <nodeposition id="FileOut_0" x="1191.49" y="-681.696"/>
        <nodeposition id="FileOut_1" x="1205.32" y="-385.306"/>
        <nodeposition id="FileOut_10" x="1197.68" y="-529.627"/>
        <nodeposition id="FileOut_11" x="1227.77" y="-167.013"/>
        <nodeposition id="FileOut_12" x="1284.39" y="980.195"/>
        <nodeposition id="FileOut_13" x="1273.99" y="1744.59"/>
        <nodeposition id="FileOut_14" x="1286.99" y="2074.79"/>
        <nodeposition id="FileOut_15" x="1325.99" y="2485.59"/>
        <nodeposition id="FileOut_16" x="1370.19" y="3005.58"/>
        <nodeposition id="FileOut_17" x="3378.87" y="747.386"/>
        <nodeposition id="FileOut_2" x="1232.98" y="-35.5667"/>
        <nodeposition id="FileOut_3" x="1288.31" y="1126.28"/>
        <nodeposition id="FileOut_4" x="2709.79" y="1075.92"/>
        <nodeposition id="FileOut_5" x="1286.55" y="1934.21"/>
        <nodeposition id="FileOut_6" x="1311.37" y="2214.62"/>
        <nodeposition id="FileOut_7" x="1325.79" y="2654.57"/>
        <nodeposition id="FileOut_8" x="1376.6" y="3144.3"/>
        <nodeposition id="FileOut_9" x="1190.16" y="-815.505"/>
        <nodeposition id="IxxRainRead_0" x="-903.832" y="-786.296"/>
        <nodeposition id="IxxRainRead_1" x="-893.177" y="-624.573"/>
        <nodeposition id="IxxRainRead_10" x="-854.965" y="895.558"/>
        <nodeposition id="IxxRainRead_11" x="-866.281" y="1041.95"/>
        <nodeposition id="IxxRainRead_12" x="-873.047" y="1183.27"/>
        <nodeposition id="IxxRainRead_13" x="-868.957" y="1336.74"/>
        <nodeposition id="IxxRainRead_14" x="-898.996" y="1502.51"/>
        <nodeposition id="IxxRainRead_15" x="-856.43" y="1662.29"/>
        <nodeposition id="IxxRainRead_16" x="-850.286" y="1813.62"/>
        <nodeposition id="IxxRainRead_17" x="-845.505" y="1955.92"/>
        <nodeposition id="IxxRainRead_18" x="-836.951" y="2287.9"/>
        <nodeposition id="IxxRainRead_19" x="-856.569" y="2117.23"/>
        <nodeposition id="IxxRainRead_2" x="-865.94" y="-455.272"/>
        <nodeposition id="IxxRainRead_20" x="-822.528" y="2649.82"/>
        <nodeposition id="IxxRainRead_21" x="-842.146" y="2479.15"/>
        <nodeposition id="IxxRainRead_22" x="-809.264" y="2815.95"/>
        <nodeposition id="IxxRainRead_23" x="-835.191" y="3154.78"/>
        <nodeposition id="IxxRainRead_24" x="-854.809" y="2984.12"/>
        <nodeposition id="IxxRainRead_25" x="-821.927" y="3320.91"/>
        <nodeposition id="IxxRainRead_3" x="-861.325" y="-301.464"/>
        <nodeposition id="IxxRainRead_4" x="-856.393" y="-109.877"/>
        <nodeposition id="IxxRainRead_5" x="-849.493" y="67.0461"/>
        <nodeposition id="IxxRainRead_6" x="-846.661" y="231.806"/>
        <nodeposition id="IxxRainRead_7" x="-835.144" y="394.783"/>
        <nodeposition id="IxxRainRead_8" x="-831.593" y="555.005"/>
        <nodeposition id="IxxRainRead_9" x="-858.098" y="733.781"/>
        <nodeposition id="Mixer_0" x="144.58" y="-715.208"/>
        <nodeposition id="Mixer_1" x="155.346" y="-362.987"/>
        <nodeposition id="Mixer_2" x="139.822" y="-17.7551"/>
        <nodeposition id="Mixer_3" x="2369.29" y="1084.36"/>
        <nodeposition id="Mixer_4" x="301.386" y="1115.67"/>
        <nodeposition id="Mixer_5" x="265.174" y="2227.05"/>
        <nodeposition id="Mixer_6" x="289.82" y="2686.41"/>
        <nodeposition id="Mixer_7" x="277.157" y="3191.37"/>
        <nodeposition id="River_0" x="458.348" y="-701.365"/>
        <nodeposition id="River_1" x="469.115" y="-386.058"/>
        <nodeposition id="River_2" x="474.95" y="-19.9745"/>
        <nodeposition id="River_3" x="665.888" y="1112.45"/>
        <nodeposition id="River_4" x="594.57" y="1982.59"/>
        <nodeposition id="River_5" x="598.714" y="2214.62"/>
        <nodeposition id="River_6" x="596.416" y="2665.72"/>
        <nodeposition id="River_7" x="583.753" y="3170.68"/>
        <nodeposition id="SimplePump_0" x="732.399" y="-695.05"/>
        <nodeposition id="SimplePump_1" x="750.154" y="-377.297"/>
        <nodeposition id="SimplePump_2" x="774.568" y="-22.1939"/>
        <nodeposition id="SimplePump_3" x="896.528" y="1122.08"/>
        <nodeposition id="SimplePump_4" x="868.031" y="1988.81"/>
        <nodeposition id="SimplePump_5" x="859.744" y="2235.34"/>
        <nodeposition id="SimplePump_6" x="885.314" y="2652.99"/>
        <nodeposition id="SimplePump_7" x="872.651" y="3157.96"/>
        <nodeposition id="SimplePump_8" x="2944.81" y="816.189"/>
    </gui>
</citydrain>
